{"task": ["Move down 40cm", "Move down 10cm", "[Q] Which bottle is a spray bottle?", "[Q] Which bottle is metallic?", "[Q] Which bottle could you drink from?", "[Q] Which bottle has a spray nozzle?", "Which bottle has a spray nozzle? Log the object id and then orient towards it", "Turn ccw 30 degrees", "Turn cw 15 degrees", "Which bottle has a spray nozzle? Log the object id and then orient towards it", "Turn ccw 15 degrees", "Which bottle has a spray nozzle? Log the object id and then orient towards it", "Move back 20cm, then right 10cm", "Move right 10cm", "Which bottle has a spray nozzle? Log the object id and then orient towards it", "Turn cw 10 degrees", "Which bottle has a spray nozzle? Log the object id and then orient towards it", "Which bottle has a spray nozzle? Log the object id and then orient towards it", "Turn ccw 15 degrees", "Which bottle has a spray nozzle? Log the object id and then orient towards it", "Turn ccw 15 degrees", "Which bottle has a spray nozzle? Log the object id and then orient towards it", "Turn ccw 5 degrees", "mb 10cm", "Which bottle has a spray nozzle? Log the object id and then orient towards it"], "tokens": [3, 3, 39, 37, 39, 90, 32, 3, 3, 32, 3, 32, 7, 3, 32, 3, 32, 32, 3, 32, 3, 32, 3, 3, 32], "planning_time": [1.2484447956085205, 1.9987258911132812, 2.9875290393829346, 2.4689998626708984, 3.1560559272766113, 5.929463863372803, 2.245924949645996, 0.9763250350952148, 1.6413118839263916, 2.2782740592956543, 1.192399024963379, 2.3520877361297607, 1.135016918182373, 0.9600470066070557, 2.45586895942688, 0.9368948936462402, 2.679516315460205, 2.6911957263946533, 1.2000560760498047, 2.0897021293640137, 0.721947193145752, 2.3153610229492188, 0.9693317413330078, 1.0853030681610107, 2.912036895751953], "execution_time": [1.1493840217590332, 1.1368470191955566, 1.2887718677520752, 1.197143793106079, 1.1930952072143555, 2.5923280715942383, 4.77748703956604, 3.751664161682129, 3.32792592048645, 4.496926784515381, 3.35001802444458, 1.2624130249023438, 3.813697099685669, 2.3765640258789062, 4.442352056503296, 3.2410008907318115, 1.2529878616333008, 4.825073957443237, 3.561814785003662, 4.692109823226929, 3.55145001411438, 8.461760759353638, 3.0368921756744385, 0.9199860095977783, 4.346807956695557]}