{"task": ["Turn cw 17 degrees", "Move forward 20cm", "Move forward 30cm", "Move left 5cm", "Ask llava which bottle is a spray bottle, log the result, then orient towards that object", "Move right 5cm", "Ask llava which bottle is a spray bottle, log the result, then orient towards that object", "Ask llava which bottle is a spray bottle, log the result, then orient towards that object", "Ask llava which bottle is a spray bottle, log the result, then orient towards that object", "Move back 10cm", "Ask llava which bottle is a spray bottle, log the result, then orient towards that object", "Move vorward 10cm and left 10cm", "Move left 10cm", "Move forward 20cm", "Ask llava which bottle is a spray bottle, log the result, then orient towards that object", "turn ccw 30 degrees", "Ask llava which bottle is a spray bottle, log the result, then orient towards that object", "Turn ccw 10 degrees then move right 8cm", "Move left 5cm, up 5cm", "Ask llava which bottle is a spray bottle, log the result, then orient towards that object", "Ask llava which bottle is a spray bottle, log the result, then orient towards that object", "Ask llava which bottle is a spray bottle, log the result, then orient towards that object", "Ask llava which bottle is most brightly colored, log the result, then orient towards that object", "Ask llava which bottle is shortest, log the result, then orient towards that object", "Ask llava which bottle is a spray bottle, log the result, then orient towards that object", "Move right 5cm", "Ask llava which bottle is a spray bottle, log the result, then orient towards that object", "Ask llava which bottle is specifically a spray bottle used to spray things, log the result, then orient towards that object", "Turn clockwise 30 degrees"], "tokens": [3, 3, 3, 3, 26, 3, 26, 42, 42, 3, 42, 7, 3, 3, 42, 3, 26, 7, 7, 26, 42, 26, 42, 25, 42, 3, 26, 72, 3], "planning_time": [1.4522590637207031, 1.3250958919525146, 1.2413690090179443, 1.088271141052246, 2.304295063018799, 1.1028480529785156, 2.216355085372925, 2.866849184036255, 3.0266449451446533, 1.12263822555542, 2.985574245452881, 1.1151700019836426, 1.318375825881958, 0.966101884841919, 2.7743358612060547, 1.27925705909729, 2.1287941932678223, 1.3715519905090332, 1.9089279174804688, 3.109412908554077, 3.110844373703003, 2.3641369342803955, 3.0828678607940674, 1.918409824371338, 3.20038104057312, 1.094977855682373, 2.6183981895446777, 5.388291835784912, 1.1170670986175537], "execution_time": [3.344001054763794, 1.3401789665222168, 2.304198741912842, 0.5054590702056885, 1.507200002670288, 1.030858039855957, 4.702045202255249, 1.7639131546020508, 4.76348614692688, 2.8846938610076904, 1.258692979812622, 4.622016906738281, 0.6180880069732666, 0.9196271896362305, 4.692229986190796, 3.6623008251190186, 1.5369930267333984, 5.618037939071655, 2.260392904281616, 4.699623107910156, 5.678869009017944, 10.395955801010132, 5.420032024383545, 5.333964824676514, 5.163948059082031, 2.2858726978302, 8.63242506980896, 1.6803882122039795, 3.650655746459961]}