{"task": ["[Q] Which bottle is metal?", "Which bottle has the darkest color?", "Ask LLaVA which bottle is metal, log the object id, then orient towards it"], "tokens": [32, 36, 35], "planning_time": [5.050372123718262, 6.828330039978027, 7.017441034317017], "execution_time": [6.136600971221924, 5.9464380741119385, 5.611377239227295]}