{"task": ["[Q] What object is behind the chair?"], "tokens": [18], "planning_time": [3.7347140312194824], "execution_time": [3.6057729721069336]}