{"task": ["Move up 20cm", "[Q] Is there an espresso machine anywhere in the room?", "Turn counterclockwise 100 degrees", "[Q] Is there an espresso machine anywhere in the room?", "Turn counterclockwise 110 degrees", "[Q] Is there an espresso machine anywhere in the room?", "Turn counterclockwise 110 degrees", "Turn counterclockwise 30 degrees", "[Q] Search for a textbook in the room. If you find one, approach and log a description of the book cover using LLaVA ", "Move back 200cm", "Move back 100cm", "Move forward 20cm and turn left 90 degrees", "Turn ccw 90 degrees", "[Q] Search for a textbook in the room. If you find one, approach slightly and log a description of the book cover using LLaVA", "Turn ccw 90 degrees, then move left 80cm", "[Q] Search for a textbook in the room. If you find one, approach and log a description of the book cover using LLaVA", "Move back 50cm, then turn ccw 90 degrees", "Turn ccw 90 degrees", "[Q] Search for a textbook in the room. If you find one, approach and log a description of the book cover using LLaVA", "Move back 100cm", "Turn ccw 90 degrees", "[Q] Search for a textbook in the room. If you find one, approach and log a description of the book cover using LLaVA", "move back 100cm", "Turn ccw 90 degrees", "[Q] Search for a textbook in the room. If you find one, approach slightly and log a description of the book cover using LLaVA", "Turn ccw 60 degrees", "Move back 100cm, then left 10cm", "Move back 30cm", "Move left 20cm", "[Q] Search for a textbook in the room. If you find one, approach and log a description of the book cover using LLaVA"], "tokens": [3, 44, 3, 44, 3, 44, 3, 3, 60, 3, 3, 7, 3, 60, 7, 60, 7, 3, 53, 3, 3, 60, 3, 3, 53, 3, 7, 3, 3, 60], "planning_time": [2.618053913116455, 3.6173110008239746, 0.7339332103729248, 3.8303849697113037, 1.8202669620513916, 5.461917877197266, 1.0274019241333008, 2.515536069869995, 6.639464855194092, 0.9807748794555664, 0.8411152362823486, 1.75807523727417, 1.3715929985046387, 4.820259094238281, 1.2551801204681396, 4.782412767410278, 1.296308994293213, 0.9454169273376465, 3.2952091693878174, 1.1392340660095215, 1.1267061233520508, 4.165240049362183, 1.8912100791931152, 1.8226051330566406, 2.8607981204986572, 1.4523279666900635, 2.3103878498077393, 1.7199230194091797, 2.008441925048828, 3.9913039207458496], "execution_time": [2.59165096282959, 11.534016132354736, 4.493135213851929, 9.302932024002075, 3.03115177154541, 13.580626726150513, 3.9641668796539307, 3.655735969543457, 10.830440282821655, 1.8779048919677734, 0.610649824142456, 6.954509258270264, 4.478222846984863, 12.692100048065186, 7.719435691833496, 10.346435785293579, 4.787639141082764, 4.173497200012207, 12.993880987167358, 1.4538052082061768, 4.693203926086426, 11.843968152999878, 3.112898111343384, 3.2427079677581787, 11.92263412475586, 4.162660121917725, 5.503740310668945, 2.1722710132598877, 2.3705079555511475, "error"]}