{"task": ["Find the person in the room. If he is actively writing, log \"he is writing!\", turn 360 degrees clockwise, then log the message written on the piece of paper", "Turn 90 degrees ccw", "Move forward 25cm", "Find the person. If he is actively writing, log \"he is writing!\", turn 360 degrees clockwise, then log the message written on the piece of paper", "Turn ccw 80 degrees", "Find the person. If he is actively writing, log \"he is writing!\", turn 360 degrees clockwise, then log the message written on the piece of paper", "Turn ccw 80 degrees", "Find the person. If he is actively writing, log \"he is writing!\", turn 360 degrees clockwise, then log the message written on the piece of paper", "turn ccw 80 degrees", "Find the person. If he is actively writing, log \"he is writing!\", turn 360 degrees clockwise, then log the message written on the piece of paper", "Turn ccw 80 degrees", "Find the person. If he is actively writing, log \"he is writing!\", turn 360 degrees clockwise, then log the message written on the piece of paper", "Turn ccw 80 degrees", "Find the person. If he is actively writing, log \"he is writing!\", turn 360 degrees clockwise, then log the message written on the piece of paper. If not, then log \"he is NOT writing\"", "Find the person. If he is actively writing, log \"he is writing!\", turn 360 degrees clockwise, then log the message written on the piece of paper. If he is not actively writing, log \"he is NOT writing\"", "Turn ccw 80 degrees", "Find the person. If he is actively writing, log \"he is writing!\", turn 360 degrees clockwise, then log the message written on the piece of paper"], "tokens": [76, 3, 3, 76, 3, 76, 3, 76, 3, 76, 3, 79, 3, 71, 88, 3, 81, 1, 10], "planning_time": [4.790616989135742, 2.8047070503234863, 1.3958261013031006, 4.469635248184204, 2.1621689796447754, 4.821665048599243, 2.1345436573028564, 4.937838077545166, 1.9549641609191895, 4.981266975402832, 1.919558048248291, 5.0051960945129395, 3.6163840293884277, 4.540374994277954, 4.818282127380371, 2.4895098209381104, 6.118623971939087], "execution_time": [22.88769507408142, 3.12982177734375, 2.581862211227417, 10.023909091949463, 4.289366006851196, 22.863229990005493, 3.2411160469055176, 22.216670989990234, 2.921164035797119, 26.24595618247986, 5.006845951080322, 11.986912965774536, 4.495198011398315, 1.3817799091339111, 10.066425085067749, 2.715857744216919, "error"]}