{"task": ["[Q] Find a chair, and then log a detailed description of whatever is hiding behind it in detail. Use LLaVA", "[Q] Find a chair, and then log a detailed description of whatever is hiding behind it in detail. Use LLaVA", "Turn clockwise 100 degrees", "Turn clockwise 50 degreees", "[Q] Find a chair, and then log a detailed description of whatever is hiding behind it in detail. Use LLaVA", "Turn clockwise 150 degrees", "[Q] Find a chair, and then log a highly detailed description of whatever is hiding behind it in detail. Use LLaVA", "Turn clockwise 160 degrees", "[Q] Find a chair, and then log a highly detailed description of whatever is hiding behind it. Use LLaVA and be sure to ask for a detailed description", "Turn clockwise 160 degrees", "[Q] Find a chair, and then log a highly detailed description of whatever is hiding behind it. Use LLaVA and be sure to ask for a detailed description", "Turn clockwise 110 degrees", "[Q] Find a chair, and then log a highly detailed description of whatever is hiding behind it. Use LLaVA and be sure to ask for a detailed description", "Turn right 170 degrees", "[Q] Find a chair, and then log a highly detailed description of whatever is hiding behind it. Use LLaVA and be sure to ask for a detailed description", "If the person looks angry, back away from him. If he looks happy or neutral, approach him and then log a description of his outfit using LLaVA ", "If the person looks angry, back away from him. If he looks happy or neutral, approach him and then log a description of his outfit using LLaVA", "If the person looks angry, back away from him. If he looks happy, approach him and then log a description of his outfit using LLaVA"], "tokens": [36, 32, 3, 3, 32, 3, 23, 3, 43, 3, 37, 3, 37, 3, 37, 70, 78, 69], "planning_time": [3.2761409282684326, 3.443213939666748, 2.270357847213745, 1.3180561065673828, 2.3106307983398438, 2.2763559818267822, 3.246863842010498, 1.9974441528320312, 2.951416015625, 2.8329529762268066, 2.4723618030548096, 2.3696250915527344, 2.290199041366577, 2.6633408069610596, 2.806312084197998, 4.854964971542358, 6.1334991455078125, 6.476355075836182], "execution_time": [27.755675077438354, 25.917808771133423, 5.065254211425781, 3.8583998680114746, 21.146478176116943, 4.073922157287598, 13.28210735321045, 3.230336904525757, 24.7241530418396, 5.332216024398804, 22.278701066970825, 4.493874788284302, 26.47199296951294, 2.6064932346343994, 19.681241035461426, "error", "error", "error"]}